Name,_
String,Boolean
Ali Tunc,
Camilla Avellar,
Daniel Iosca,
Francisco Granados,
Henrik Enqvist,
Jarkko Salminen,
Jonatas Chagas,
Martin Schjoeler,
Nacho Lasheras,
Nicklas Renqvist,
Rebecca Green,
Sami Tikkanen,
Sari Latvala,
Stephan Demirdjian,
Vesa Vitie,
_,
Agnes Liou,
Antti Sartanen,
Antti Summala,
Arto Mikkola,
Asko Puurula,
Cosmin Baltaretu,
Dennis Belfrage,
Diana Nedelcu,
Diego Ruiz Pomares,
Drussila Hollanda,
Erlend Christoffersen,
Ewan Thonger,
Hannu Halonen,
Henri Viitanen,
Jaana Heiska,
Jani Lintunen,
Janne Lindholm,
Jarkko Luoma,
Joakim Achrén,
Johannes Cole,
Jon Franzas,
Marcus Wagenfuhr,
Marika Appel,
Mika Seppä,
Miki Kuusi,
Mikko Hokkanen,
Mikko Kodisoja,
Mikko Lehtonen,
Niko Mäkelä,
Patrick Corander,
Petri Alanko,
Petri Kärkäs,
Petri Styrman,
Riku Rikala,
Sami Yliharju,
Sheila Njoki Ndungu,
Stefan Engblom,
Stefan Hauk,
Stuart McGaw,
Tibor Toth,
Timur Haussila,
Tomi Joki-Korpela,
Tommi Hakala,
Touko Tahkokallio,
Veli Vainio,
Victoria Tran,
Visa Forsten,
Wayne Lu ZhongWei,
Zsolt Szász,
